遗迹id,遗迹名,文明,门槛,图片类型,阶段id,阶段标题,耗时,难度,图片文件,路径,状态,剧情文字
bell_tower,"无声钟楼","聆弦者",无,"封面","-","图鉴封面",,,cover.webp,"/archaeology/bell_tower/cover.webp",已有,"聆弦者立起的一座环状声学塔。塔心悬着一口从未被敲响的钟，整颗星球静得没有回声。他们后来不再听了，塔还留着，来人想弄清它究竟想听见什么。"
bell_tower,"无声钟楼","聆弦者",无,"阶段图","S1","塔基清理",1,0,S1.webp,"/archaeology/bell_tower/S1.webp",已有,"我们清走了塔基周围积了不知多少年的尘。塔座由一整块暗色岩石凿成，接缝处没有灰浆，只有被反复摩擦出的圆润弧面。塔身向内收成环，站在中央说话，声音不会散开，只贴着环壁一圈一圈地绕。谁也没有开口，都在听。"
bell_tower,"无声钟楼","聆弦者",无,"阶段图","S2","测音井",1,1,S2.webp,"/archaeology/bell_tower/S2.webp",已有,"塔基下有一口竖井，井壁上刻着等距的细槽，深浅不一。声波沿井壁下行时被细槽一段段截住，落到底部已经碎成极低的嗡鸣。我们把测距仪垂下去量，槽距与塔身的环径对应得严丝合缝。这不是井，是一条把声音慢慢放慢的管道。"
bell_tower,"无声钟楼","聆弦者",无,"结局图","S3","钟腔余响",2,1,S3.webp,"/archaeology/bell_tower/S3.webp",已有,"清理到塔心时，悬钟的八根细弦还绷着，接点各连着塔身的一段环径，把整圈等分成八个音高。钟从来没被敲响过，它一直在被动地听：内壁那层白霜是这些年风、地鸣与潮汐在钟壁上留下的振动痕。我们在接点上取到一小块共鸣片，它到现在仍在按同一个音高轻振。塔等的不是敲钟的人，是一个能和它同频的东西。"
bell_tower,"无声钟楼","聆弦者",无,"中止图","-","永久封闭",,,halt.webp,"/archaeology/bell_tower/halt.webp",已有,"钟腔里那口钟自己响了。不是被敲响的，是八根细弦同时崩断，钟身沉下来，把塔心的竖井整段压塌。井下的人只来得及退回塔外。塔身随后向内收拢，接缝重新合上，像是终于听完了它要听的东西，不再留出入口。"
mirror_graveyard,"镜面坟场","磨镜者",无,"封面","-","图鉴封面",,,cover.webp,"/archaeology/mirror_graveyard/cover.webp",已有,"磨镜者把整颗行星的表面磨成了一面镜子。如今镜面碎成千万片，仍在天光下互相对照。来的人大多冲着镜面本身，少数人是来读镜面里压着的字。"
mirror_graveyard,"镜面坟场","磨镜者",无,"阶段图","S1","镜面测绘",1,0,S1.webp,"/archaeology/mirror_graveyard/S1.webp",已有,"我们从停在轨道上的飞船往下看，整块大陆是一面裂开的镜。碎片之间没有错位，缝隙细得只能容下一条影子。落地后第一步踩下去，脚下传来极轻的脆响，像踩在一层薄冰上。测绘队沿着裂痕走了一天，把每一条裂缝的走向都标了出来。"
mirror_graveyard,"镜面坟场","磨镜者",无,"阶段图","S2","拓印与抉择",2,1,S2.webp,"/archaeology/mirror_graveyard/S2.webp",已有,"我们在最大的一片镜面上读出了磨镜者留下的纹路，线条细如发丝，被压在玻璃表面之下。纹路不是刻的，是磨的时候一层一层留下来的，靠近边缘处的内容还很完整。要带走它，只有两种办法，一种是隔着玻璃把它抄下来，另一种是直接把这块镜面撬出来。"
mirror_graveyard,"镜面坟场","磨镜者",无,"结局图","S3","镜心取出",1,2,S3.webp,"/archaeology/mirror_graveyard/S3.webp",已有,"撬下最大那片镜面后，压在玻璃层下的纹路终于显出来：三百余条观测记录，逐层记着天顶那个固定方位的光，每条后面都标着当时的偏差。最后一道工序没有做，旁边写着原因——这一层磨穿之后，镜面会把光全部反射回去，三百余条记录会当场烧掉。磨镜者停了手，把这一层留到星球冷却。我们带走的残片，缺口正落在那一层上。"
mirror_graveyard,"镜面坟场","磨镜者",无,"中止图","-","永久封闭",,,halt.webp,"/archaeology/mirror_graveyard/halt.webp",已有,"我们脚下那片镜面在取样时沿着纹路裂成两半。裂缝没有声音，两半镜面各向一侧倾斜，把压在玻璃层下的纹路全部对进了对方里面。要再读，得先有第二颗行星的镜面来对照。磨镜者留下的字，从此只照着自己。"
carbon_nest,"碳壳巢","深掘者",无,"封面","-","图鉴封面",,,cover.webp,"/archaeology/carbon_nest/cover.webp",待补,"深掘者在地壳深处筑起的一座巨型巢体，层层碳纤维叠成壳。巢还带着余温，靠近时仪器会自己跳数。来的人想要壳里的原料，也想弄明白它养过什么。"
carbon_nest,"碳壳巢","深掘者",无,"阶段图","S1","碳层剥落",1,0,S1.webp,"/archaeology/carbon_nest/S1.webp",待补,"巢体露在地面上的部分像一截被折断的树干，断面全是同心圆状的碳层。我们沿着断面剥下最外一层，纤维仍然带着韧性，掰不断。剥到第三层时，下面的碳层忽然变热，手套隔着两层也挡不住。我们退出来，重新选了一个入刀的位置。"
carbon_nest,"碳壳巢","深掘者",无,"阶段图","S2","通道加固",1,1,S2.webp,"/archaeology/carbon_nest/S2.webp",待补,"壳与壳之间的过道只有一人宽，脚下踩的是碎碳，头顶是一层被挤压变形的拱。我们用合金钢架把最先两段撑起来，撑杆刚受力就发出连续的闷响，那是壳在自己找平衡。往里走第一步需要贴住侧壁，因为脚下的碳层是软的。"
carbon_nest,"碳壳巢","深掘者",无,"阶段图","S3","余热深处",2,2,S3.webp,"/archaeology/carbon_nest/S3.webp",待补,"越往里温度越高，第四层开始，碳壁上挂着细密的水珠，落到地上立刻腾起白气。我们用隔热板一段段铺过去，把温度记录仪留在每一段过道里。数据回传时显示，巢心方向的热源没有随深度衰减，反而在最后一公里内抬升得更快。什么东西还在里面维持着温度。"
carbon_nest,"碳壳巢","深掘者",无,"结局图","S4","巢心取样",1,2,S4.webp,"/archaeology/carbon_nest/S4.webp",待补,"凹痕的直径与四层壳体的内径成固定比例，底部那束纤维不是残留，是断口：承托的东西从这里挣开，往地壳更深处去了，巢心的温度就是它钻开又自己合上的那条通道传上来的。四层碳壁像牙齿一样一层层长出来又脱落，越往外越旧。深掘者养的不是幼体，是一件活的工具，等它长成再取齿。我们照凹痕的曲率复刻了一枚钻头。"
carbon_nest,"碳壳巢","深掘者",无,"中止图","-","永久封闭",,,halt.webp,"/archaeology/carbon_nest/halt.webp",待补,"深处的碳壁承受不住通道加固的应力，成片地脱开。脱落的碳层像活物一样逐段合拢，把通道一层层封回去，合到入口时连钢架一起包了进去。仪器上的温度还在上升。巢体回到了它自己的密度里，这里不能再进了。"
cradle,"停摆的摇篮","园丁",无,"封面","-","图鉴封面",,,cover.webp,"/archaeology/cradle/cover.webp",待补,"园丁留下的方舟遗址。他们自称种过每一颗有土的行星，把各地的种质装进这座摇篮，它却在中途停了。种子还封在里面，来的人多半为了那批还没醒的种。"
cradle,"停摆的摇篮","园丁",无,"阶段图","S1","种子静默",1,0,S1.webp,"/archaeology/cradle/S1.webp",待补,"摇篮外壁覆着厚厚一层枯去的根系，根须沿着外壳的缝一直长到地下。我们清出一段入口，先用食物把营地稳住，才敢往里看。里面是一条环形走廊，两侧是数不清的格子，每个格子都关着一粒种子。没有一粒发芽，也没有一粒腐烂，它们只是停在那里。"
cradle,"停摆的摇篮","园丁",无,"阶段图","S2","摇篮外壳",2,1,S2.webp,"/archaeology/cradle/S2.webp",待补,"摇篮的外壳是三层套着的壳，最外是活体组织，中间是合金骨架，最内是一层摸上去像皮肤的内膜。我们在骨架上找到了停摆的痕迹，所有传动轮都停在同一角度上，像是被同一个指令同时叫停。内膜还保持着水分，手按上去会慢慢回弹。"
cradle,"停摆的摇篮","园丁",无,"阶段图","S3","种子抉择",2,2,S3.webp,"/archaeology/cradle/S3.webp",待补,"在走廊尽头的保温格里，我们找到唯一一粒还带着微弱代谢信号的种子。格盖上贴着一枚极小的标签，字迹已经磨平，只用指尖摸得出一个圆形的凹印。它像是被特意留到最后的一粒，等一个够资格的人来决定。"
cradle,"停摆的摇篮","园丁",无,"结局图","S4","星尘落定",1,2,S4.webp,"/archaeology/cradle/S4.webp",待补,"主控台的最后一条指令不是故障，是主动锁定：全部保温格降到休眠档，锁定时长一栏写着直至有土的行星重新出现。园丁早算过，撒出去的种要几千年后才有土可落，摇篮撑不到那时候，于是把剩下的种封好、温度降下来，然后离开了这颗星球。我们取走了它的温档曲线与全部种法，照着做，任何一颗够暖的星球都能重新长出那批作物的后代。"
cradle,"停摆的摇篮","园丁",无,"中止图","-","永久封闭",,,halt.webp,"/archaeology/cradle/halt.webp",待补,"保温格的内膜在我们搬动那粒种子之后开始收缩。收缩从走廊尽头往外来，格盖一格格合上，最后整条走廊的内膜贴到了外壳上，中间再没有留出空隙。种子留在了它自己的位置上，我们只带走了记录下来的数据。"
corridor,"折叠回廊","汇兑者",无,"封面","-","图鉴封面",,,cover.webp,"/archaeology/corridor/cover.webp",待补,"汇兑者的空间中转站。他们把三个星系之间的货流折进同一条走廊，走廊至今还能用，只是出口的坐标漂了。往来的人想知道他们当年换的是什么。"
corridor,"折叠回廊","汇兑者",无,"阶段图","S1","汇率断层",1,0,S1.webp,"/archaeology/corridor/S1.webp",待补,"回廊入口的岩层被切成整齐的断口，断面上留着平行排布的金属薄片，每一片厚度不同。我们用探针逐片测，薄片的间距在某个位置忽然改了规律，前段按三配一，后段按五配二。汇兑者把兑换的算法直接浇进了墙里。"
corridor,"折叠回廊","汇兑者",无,"阶段图","S2","回廊折叠",1,1,S2.webp,"/archaeology/corridor/S2.webp",待补,"往里走两百步，身后的入口已经看不见了，测距仪却显示我们离入口只有四十米。回廊在中段折了两次，两次的折角加起来不足一度，走起来却像绕了很远。我们把合页状的结构逐个编号，编号到一半时，队里有人停下来说，这里不像通道，像是被人捏在手里反复折叠的一张账页。"
corridor,"折叠回廊","汇兑者",无,"阶段图","S3","星尘汇率",2,2,S3.webp,"/archaeology/corridor/S3.webp",待补,"回廊尽头是一间圆厅，穹顶向下压得很低，地面嵌着三层同心环，环上浮着极淡的星尘。星尘在环槽里缓慢流动，速度与环的直径成反比。我们把星尘的流向记录下来，发现它始终在向中央汇集，像在结算一笔还没结清的账。圆厅没有一个出口，来路就是唯一的出口。"
corridor,"折叠回廊","汇兑者",无,"结局图","S4","账目核对",2,2,S4.webp,"/archaeology/corridor/S4.webp",待补,"拓片排完，前面每一道压痕都是一次转运：把一段路折短，把一批货折近，收的是省下来的那段路程。最后那一笔没写付，因为汇兑者收的不是货，是折角本身——他们把自己走过的路折进这条走廊，走廊里省下的航程就记在凭证上，谁拿着它，谁就继续走这段捷径。中央台面下压着一枚薄薄的凭证，签名栏空着，我们收进了箱子。"
corridor,"折叠回廊","汇兑者",无,"中止图","-","永久封闭",,,halt.webp,"/archaeology/corridor/halt.webp",待补,"回廊在中段又折了一次。这一次折角不再是一度以内，测距仪上的距离与脚下的步数同时失去了意义，圆厅的坐标从中转站的记录里滑了出去。我们从原路退出来时，身后的入口已经不是入口了。汇兑者折过的路，只肯折那么几次。"
crucible,"九转丹炉残址","两仪者",无,"封面","-","图鉴封面",,,cover.webp,"/archaeology/crucible/cover.webp",待补,"两仪者的九座熔炉残址。九炉串成一圈，炉膛内壁留着被烧过的层层痕迹。他们相信物可以反复提纯九次，来的人想看看第九次之后留下了什么。"
crucible,"九转丹炉残址","两仪者",无,"阶段图","S1","炉膛清灰",2,0,S1.webp,"/archaeology/crucible/S1.webp",待补,"九座炉围成一个三百步的圆，炉口全部朝向圆心。我们清掉炉膛里积的灰，灰是分层的，每层颜色都不同，越靠下越亮。灰层的厚度在九座炉之间依次递减，像有人按顺序把同一炉料从第一座挪到了第九座。清到第九座时，膛里几乎没有灰。"
crucible,"九转丹炉残址","两仪者",无,"阶段图","S2","配液倒炉",1,2,S2.webp,"/archaeology/crucible/S2.webp",待补,"炉与炉之间的管道内壁挂着一层灰白色的渣，用合金铲刮下来后，渣在空气中很快变成了粉。每段管道的斜度只有一点点，液体要靠重力一站一站往下走，中途还要经过一个分岔口。分岔口两侧的口径不同，一边窄得只容一线，一边宽得能并排放进两只手。"
crucible,"九转丹炉残址","两仪者",无,"阶段图","S3","暗火重燃",2,2,S3.webp,"/archaeology/crucible/S3.webp",待补,"圆心的地下是一间引火室，室内悬着一只空心的环，环内没有燃料，也没有灰。我们投入暗物质后，环芯缓慢亮起一层看不见的热，热度传遍九座炉，炉膛里的残渣跟着发出细响。温度升到某个值时，所有炉口同时吐出一线白气。这场火隔了很久，又燃了一次。"
crucible,"九转丹炉残址","两仪者",无,"结局图","S4","丹留炉底",1,3,S4.webp,"/archaeology/crucible/S4.webp",待补,"结晶的两层不是两批产物，是同一次的两端：暗的一层是投入时的原料，透亮的一层是第九次之后的样子，两层之间找不出中间八次留下的任何痕迹。两仪者说的九转就落在这一层上——物质提纯到第九次会回到出发时的构成，中间八次只是绕了一圈。他们留下的是这条回路，不是丹。我们把结晶按层剥开分别封装，也抄下了九座炉的温度配比。"
crucible,"九转丹炉残址","两仪者",无,"中止图","-","永久封闭",,,halt.webp,"/archaeology/crucible/halt.webp",待补,"引火室里那只空心的环接受了暗物质之后没有停。热度沿着九条管道一路回灌，把九座炉的内壁重新烧成流动的一层。渣、灰、结晶全部熔回炉膛，圆心的地面塌下去半尺。第九次提纯之后留下的东西，我们终究没有看到。"
orrery,"逆向星图台","轨道师",Lv2,"封面","-","图鉴封面",,,cover.webp,"/archaeology/orrery/cover.webp",待补,"轨道师留下的一台倒转的星象仪。星轨朝内翻，天体都绕着台心转，台心却空着。设备须由 Lv2 以上的领袖操作，来的人多是为了那套导航算法。"
orrery,"逆向星图台","轨道师",Lv2,"阶段图","S1","齿轮咬合",1,1,S1.webp,"/archaeology/orrery/S1.webp",待补,"台基是一圈咬合着的齿轮，最大的齿轮直径超过二十米，齿面几乎没有磨损。我们用手推了推最小的一片，整圈齿轮跟着转了半格，头顶的星轨同时挪了一段。齿轮之间没有润滑油，转动时却听不见摩擦声，只有空气被搅动的低响。"
orrery,"逆向星图台","轨道师",Lv2,"阶段图","S2","星图校准",2,1,S2.webp,"/archaeology/orrery/S2.webp",待补,"星轨由数万片硅晶薄片缀成，每片对应一颗星。我们把硅晶逐片取下校验，编号到两千余片时发现整批薄片的坐标都偏了同一个角度。不是坏，是旧了，星图记的是很久以前的天空。校准完最后一组角度后，头顶的星轨与真实星空的偏差缩到了几乎测不出。"
orrery,"逆向星图台","轨道师",Lv2,"阶段图","S3","镜像迷宫",2,2,S3.webp,"/archaeology/orrery/S3.webp",待补,"台心下方有一层镜室，六面都是镜面，任何一束光进去都会分成无数条路。我们点了一支冷光棒放进去，光在镜室里绕了很久才衰减干净。轨道师把导航算法藏在这种地方，读的人必须先能在迷宫里分清哪一条才是原始的光。"
orrery,"逆向星图台","轨道师",Lv2,"阶段图","S4","量子星轨",2,3,S4.webp,"/archaeology/orrery/S4.webp",待补,"镜室最深处有一小簇纠缠着的量子点，彼此之间的距离与头顶星轨的排布完全一致。我们改动其中一个点的状态，对应位置的硅晶薄片立刻跟着亮了。这张星图不是在记录天体，天体在跟着它动。有人低声说，这不是星图台，是把天写下来的一支笔。"
orrery,"逆向星图台","轨道师",Lv2,"结局图","S5","星尘对表",2,3,S5.webp,"/archaeology/orrery/S5.webp",待补,"台心空着不是没做完，是算法本身要求它空着。齿轮箱里那份手稿写得很清楚：轨道师不记录天体的位置，他们把要去的方位先写进星图，天体随后照写好的轨道让开；台心放的不是天体，是打算去的地方。手稿末段是一张校准表，写明从任一处出发该在哪个节点先偏几度，能省下最短的一段航程。我们带出了这套表，把台面停回空心的位置。"
orrery,"逆向星图台","轨道师",Lv2,"中止图","-","永久封闭",,,halt.webp,"/archaeology/orrery/halt.webp",待补,"我们在量子点上改动的那一簇状态没能锁回去。星轨开始反向自转，硅晶薄片一片片脱开，绕着台心排成新的轨道。齿轮咬到最后一格时，台基整体沉了半米，镜室的门被压死在下面。它转起来了，只是不再朝着任何一颗星。"
steles,"七层碑林","倏忽人",无,"封面","-","图鉴封面",,,cover.webp,"/archaeology/steles/cover.webp",待补,"倏忽人留下的七层碑林。七层台阶层层向里收，每层立满石碑，碑上的字被风磨得很浅。来的人想抄一两块碑走，抄到第五层就会明白抄不完。"
steles,"七层碑林","倏忽人",无,"阶段图","S1","碑林外层",1,0,S1.webp,"/archaeology/steles/S1.webp",待补,"第一层石碑排成一个近乎闭合的圆，碑与碑之间只留一人侧身的缝。碑面上刻的字极浅，靠侧光才看得见笔画。我们沿着圆走了一圈，数出三百二十七块碑，每块的碑首都刻着同一个符号。符号的意思没人认得，但它出现在每一块碑上。"
steles,"七层碑林","倏忽人",无,"阶段图","S2","铭文拼接",1,2,S2.webp,"/archaeology/steles/S2.webp",待补,"第二层的碑比第一层矮，碑文不再是单句，而是一段一段被拆开的残句。我们把残句逐条抄下来铺在地上，按笔画的起收位置重新拼接，拼到第三十组时，所有残句连成了一段完整的话。整层碑林原来共用同一篇文章，一块碑只是其中的几个字。"
steles,"七层碑林","倏忽人",无,"阶段图","S3","层间刻痕",2,2,S3.webp,"/archaeology/steles/S3.webp",待补,"层与层之间的台阶侧面也刻着字，字号比碑上的更小，只有贴着石头才看得清。写的是一段关于读碑的规矩，读第几层要带什么心态，读错了要退回上一层重读。我们把台阶上的字全部录入后，才明白七层不是七层石头，是七遍同一篇文章。"
steles,"七层碑林","倏忽人",无,"阶段图","S4","合金封匣",2,3,S4.webp,"/archaeology/steles/S4.webp",待补,"第五层的碑不再立在台面上，而是一块块封进合金匣里，匣盖与碑面之间只留一线。用合金起子逐只撬开时，匣里的空气涌出来，带着一股很淡的旧纸味。匣内碑面保存得比外面好得多，字口的棱角还在，笔画边缘能看到刻刀留下的浅坡。"
steles,"七层碑林","倏忽人",无,"结局图","S5","读法留白",1,3,S5.webp,"/archaeology/steles/S5.webp",待补,"空碑不是没写完：六层碑文按层序连读，每层首字都接上一层末字，接满六次后整篇指向第七层，而第七层要用的是读的人自己的站位——站在哪一格上念，碑就照着哪一格的方位落尘。倏忽人留下的不是内容，是读法。字抄得完，念字的位置抄不完。我们把六层碑文按这个接法重排了一遍，合起来是一份完整的手稿，末页只写该站在哪里。"
steles,"七层碑林","倏忽人",无,"中止图","-","永久封闭",,,halt.webp,"/archaeology/steles/halt.webp",待补,"第五层的合金匣在撬开时释放了匣内的气压，压力推动第六层与第七层的石碑向内倾倒。碑没有碎，只是一层层叠着躺下，把第七层那块空白的碑压在最下面。碑文都还在，抄，是抄不到了。"
lighthouse,"掌灯者灯塔基座","掌灯者",无,"封面","-","图鉴封面",,,cover.webp,"/archaeology/lighthouse/cover.webp",待补,"掌灯者的行星光信号站。基座上原本立着几公里高的水晶透镜塔，塔身早已不在，地心的光却还在往外走。来的人先看见那束光，再顺着它找到这里。"
lighthouse,"掌灯者灯塔基座","掌灯者",无,"阶段图","S1","基座勘验",1,1,S1.webp,"/archaeology/lighthouse/S1.webp",待补,"基座是七层叠起来的整块水晶，层与层之间找不到胶，也找不到缝。用合金支架固定测点后我们发现，基座的方位至今没变，七个面的朝向与当初刻下的记录分毫不差。塔虽然倒了，底座还保持着发射时的姿势。"
lighthouse,"掌灯者灯塔基座","掌灯者",无,"阶段图","S2","透镜复位",2,2,S2.webp,"/archaeology/lighthouse/S2.webp",待补,"我们在基座四周的碎石堆里捡回大批透镜碎片，按曲率一片片比对，能拼回原先的三成。拼好的镜片架上基座后，光线开始重新收拢成束，边缘的杂散光晕一圈圈收细。远处看，那束光比我们刚落地时亮了一点。"
lighthouse,"掌灯者灯塔基座","掌灯者",无,"阶段图","S3","光轴校正",2,2,S3.webp,"/archaeology/lighthouse/S3.webp",待补,"地心深处的光源核心仍在缓慢燃烧，只是它的心跳被塔身倒塌时留下的偏差带歪了。我们用基座的七个基准面重建光轴，把偏差一点点拧回原值。校正完成的瞬间，光柱从基座直上，笔直穿过整片天空。值守的人抬头看了很久，才想起要记录。"
lighthouse,"掌灯者灯塔基座","掌灯者",无,"阶段图","S4","心跳取样",2,3,S4.webp,"/archaeology/lighthouse/S4.webp",待补,"光脉冲里藏着一层极低的周期性起伏，周期大约一分钟，波形并不匀齐，更像心跳。我们用干扰仪把每一层反馈逐级剥离，剥离到最下面时，露出一串极短的数字，从二开始，一个接一个都是素数。掌灯者把这串数字放进了光里，让每个收到光的人都读一遍。"
lighthouse,"掌灯者灯塔基座","掌灯者",无,"结局图","S5","添灯续焰",2,3,S5.webp,"/archaeology/lighthouse/S5.webp",待补,"那串素数不是消息，是自检码：灯每转过一个周期就把收到的数字回读一遍，读对了才继续亮。不用燃料的说法也是真的，它吃的是行星地心的热，补给环只用来重排光轴。内壁那段话后面还有一句，被透镜残影盖着，清掉之后是：灯交给人看，看的人每次把自检码读完，它就还能燃很久。我们把三个基准面依次校准，记下了这一轮的读数。"
lighthouse,"掌灯者灯塔基座","掌灯者",无,"中止图","-","永久封闭",,,halt.webp,"/archaeology/lighthouse/halt.webp",待补,"补给环收下星尘之后，基座的七个基准面同时亮了一次，随后整块水晶自内向外冻住。光轴锁死在一个不再变化的方位上，光脉冲被拉成一条平直的线。它还在亮，只是不再回应任何校正。掌灯者把灯交出去了，也把钥匙一起收了回去。"
idols,"空白神像厅","华胥",Lv3,"封面","-","图鉴封面",,,cover.webp,"/archaeology/idols/cover.webp",待补,"华胥留下的神像厅。厅里的石像全都立着，却没有一张脸，也没有一处刻名。造像的人把名字留给了来读的人，只有对遗迹足够熟的人才接得住这段对话。"
idols,"空白神像厅","华胥",Lv3,"阶段图","S1","厅门落锁",2,2,S1.webp,"/archaeology/idols/S1.webp",待补,"厅门是两扇整石，没有门轴，靠自重合着，推的时候必须两扇同时给力，否则纹丝不动。我们花了半天才把门推开一条缝，缝里没有风，也没有尘。门内侧刻着一行极浅的字，说的是进门之后不要急着认人。"
idols,"空白神像厅","华胥",Lv3,"阶段图","S2","无面排布",2,3,S2.webp,"/archaeology/idols/S2.webp",待补,"厅内立着二百余尊石像，排成七列，每列朝向略有不同，全部面向厅心的空台。石像的面部被打磨得极平，一点五官的痕迹也没有，颈部与肩部的比例却各不相同。我们用合金支架逐尊测高，量到最后一列才发现，七列的顺序按身高排成了一句话的长度。"
idols,"空白神像厅","华胥",Lv3,"阶段图","S3","掌心刻痕",2,3,S3.webp,"/archaeology/idols/S3.webp",待补,"石像的手都拢在腹前，掌心向上。我们逐尊查看掌心，发现每只掌心都刻着几道极短的线，线数不等，最多的九道，最少的只有一道。把线数与石像的朝向对上之后，线数变成了编号。华胥没在石像上刻名字，他们把名字拆成了线，刻在了手心里。"
idols,"空白神像厅","华胥",Lv3,"阶段图","S4","空台取信",2,3,S4.webp,"/archaeology/idols/S4.webp",待补,"厅心的空台表面覆着一层看不出材质的薄膜，薄膜下面压着一枚薄薄的晶体，形状像一封没有封口的信。我们用暗物质与量子场配合着把薄膜一处处松开，晶体才完整地取出来。取出的那一刻，二百余尊石像同时偏了一度，全都转向了我们。"
idols,"空白神像厅","华胥",Lv3,"结局图","S5","读信留名",3,3,S5.webp,"/archaeology/idols/S5.webp",待补,"信的最后一句问的是名字，答案也在晶体里：等待记录后面夹着一份造像名册，二百余尊石像各有其名，只差厅心那一尊。华胥把那一尊留成空白，是要由读完信的人给它定名。我们按名册逐尊对位，最后在厅心的空台上刻下了这次发掘定下的名字。刻完时所有石像转回原位，厅里响起一声合鸣，光从穹顶收拢下来，落在新刻的字上。"
idols,"空白神像厅","华胥",Lv3,"中止图","-","永久封闭",,,halt.webp,"/archaeology/idols/halt.webp",待补,"空台那层薄膜在晶体被取出的一瞬失去了支撑，整厅二百余尊石像同时转向空台。转向之后，七列朝向与殿内排布全部错开，原有的读法再也对不上任何一尊。信我们读完了，厅随后自己合上了门。"